360773.889971599,4066001.75368603,57.0499715989572,-9.61631397018209
360773.881519571,4066001.7466106,57.0415195709793,-9.62338940007612
360773.885698931,4066001.74728237,57.045698930975,-9.62271763011813
360773.878458637,4066001.74148186,57.0384586369619,-9.62851813994348
360773.88173898,4066001.74179836,57.0417389799841,-9.62820164021105
360773.87937405,4066001.7336991,57.0393740499858,-9.63630090001971
360773.86498843,4066001.73707741,57.0249884299701,-9.63292259024456
360773.859645407,4066001.82039143,57.019645406981,-9.5496085700579
360773.834153615,4066002.03775156,56.9941536149709,-9.33224844001234
360773.793276025,4066002.40739022,56.9532760249567,-8.96260978002101
360773.743711867,4066002.8561435,56.9037118669949,-8.51385649992153
360773.690703176,4066003.28534826,56.8507031759946,-8.08465174026787
360773.635594436,4066003.72272497,56.7955944360001,-7.64727503014728
360773.58076095,4066004.16786505,56.7407609499642,-7.20213495008647
360773.526967956,4066004.6220507,56.6869679559604,-6.74794930033386
360773.477471714,4066005.0841192,56.6374717139988,-6.2858808003366
360773.407443917,4066005.53782934,56.5674439169816,-5.83217066014186
360773.357206219,4066005.98178492,56.5172062189668,-5.3882150799036
360773.308227784,4066006.39335392,56.4682277839747,-4.97664608014748
360773.254065952,4066006.81573435,56.4140659519471,-4.55426564998925
360773.207927709,4066007.24630687,56.3679277089541,-4.12369312997907
360773.150076832,4066007.67984429,56.3100768319564,-3.69015571009368
360773.094868834,4066008.11111931,56.2548688339884,-3.25888069020584
360773.046654635,4066008.55134297,56.206654634967,-2.8186570298858
360772.994518276,4066008.99754885,56.1545182759874,-2.3724511503242
360772.943948511,4066009.4485379,56.1039485109504,-1.92146209999919
360772.898045081,4066009.89353263,56.0580450809794,-1.47646737005562
360772.842187607,4066010.32148914,56.002187606995,-1.04851086018607
360772.799750509,4066010.74164427,55.9597505089478,-0.628355730324984
360772.752785226,4066011.15798919,55.9127852259553,-0.212010810151696
360772.70318009,4066011.57678142,55.8631800899748,0.206781419925392
360772.653083632,4066012.01111736,55.813083631976,0.641117359977216
360772.597349598,4066012.44665477,55.7573495979887,1.07665476994589
360772.547889277,4066012.89263215,55.7078892769641,1.52263214997947
360772.493594079,4066013.33424946,55.6535940789618,1.96424946002662
360772.447331177,4066013.76630361,55.6073311769869,2.39630360994488
360772.394043366,4066014.21493258,55.5540433659917,2.84493257990107
360772.340892035,4066014.64450959,55.5008920349646,3.27450959011912
360772.285965415,4066015.08391779,55.4459654149832,3.71391778998077
360772.233517786,4066015.5201415,55.3935177859967,4.15014149993658
360772.183121032,4066015.97260734,55.3431210319977,4.60260734008625
360772.127566313,4066016.42830128,55.2875663129962,5.05830127978697
360772.071988864,4066016.8734535,55.2319888639613,5.50345350010321
360772.010925688,4066017.31998967,55.1709256879985,5.94998966995627
360771.957616863,4066017.76732435,55.11761686299,6.39732434973121
360771.895951007,4066018.22256292,55.0559510070016,6.85256291972473
360771.830113492,4066018.68674697,54.9901134919492,7.31674696970731
360771.771514602,4066019.14748409,54.9315146019799,7.77748409006745
360771.703722877,4066019.61965276,54.8637228769949,8.24965276010335
360771.641742994,4066020.08303421,54.8017429939937,8.7130342097953
360771.578463779,4066020.5214687,54.7384637789801,9.15146869979799
360771.528721989,4066020.94100297,54.6887219889904,9.57100296998397
360771.46072363,4066021.37304107,54.6207236299524,10.0030410699546
360771.404461979,4066021.80359347,54.5644619789673,10.4335934696719
360771.337834895,4066022.24670618,54.4978348949808,10.8767061796971
360771.279617689,4066022.69430573,54.4396176890004,11.3243057299405
360771.219155964,4066023.14120201,54.3791559639503,11.7712020101026
360771.152719876,4066023.58690091,54.3127198759466,12.2169009097852
360771.095045511,4066024.04040999,54.2550455110031,12.6704099900089
360771.02856026,4066024.51052295,54.1885602599941,13.1405229498632
360770.964934603,4066024.99168631,54.1249346029945,13.6216863100417
360770.900725665,4066025.47359897,54.0607256649528,14.1035989699885
360770.843376411,4066025.94707725,54.003376410983,14.5770772499964
360770.780340089,4066026.42786112,53.9403400889714,15.0578611199744
360770.721410885,4066026.90487915,53.881410884962,15.5348791498691
360770.664810496,4066027.38777764,53.8248104959494,16.0177776399069
360770.603322724,4066027.87223528,53.7633227239712,16.5022352798842
360770.549544146,4066028.35471794,53.7095441459678,16.9847179399803
360770.48905742,4066028.8275075,53.6490574199706,17.4575074999593
360770.431751705,4066029.29451187,53.591751704982,17.9245118699037
360770.376547712,4066029.76259171,53.5365477119922,18.3925917097367
360770.316370714,4066030.23611603,53.4763707139646,18.8661160296761
360770.253421759,4066030.72226201,53.4134217589744,19.3522620098665
360770.19374009,4066031.23535736,53.3537400899804,19.8653573598713
360770.120660834,4066031.76679581,53.2806608339888,20.3967958097346
360770.054580046,4066032.31661523,53.2145800459548,20.9466152298264
360769.986137681,4066032.87683024,53.1461376809748,21.5068302396685
360769.91978935,4066033.42850351,53.0797893499839,22.0585035099648
360769.849745316,4066033.95434409,53.0097453159979,22.5843440899625
360769.780195951,4066034.4831358,52.9401959509705,23.1131357997656
360769.711112494,4066035.00396712,52.8711124939728,23.6339671197347
360769.647151215,4066035.53766148,52.8071512149763,24.1676614796743
360769.575083772,4066036.06723398,52.735083771986,24.6972339800559
360769.505414375,4066036.60693964,52.665414374962,25.2369396397844
360769.43707846,4066037.14625369,52.5970784599776,25.7762536900118
360769.374537983,4066037.68491856,52.5345379829523,26.3149185599759
360769.310633946,4066038.22212603,52.4706339459517,26.8521260297857
360769.253971528,4066038.75607148,52.4139715280035,27.3860714798793
360769.18137537,4066039.30803142,52.3413753699861,27.9380314201117
360769.116300106,4066039.83730515,52.2763001059648,28.467305149883
360769.042707296,4066040.39205556,52.2027072959463,29.0220555597916
360768.97471427,4066040.93413828,52.1347142699524,29.5641382797621
360768.906771085,4066041.48842682,52.0667710849666,30.1184268197976
360768.834229166,4066042.04371497,51.9942291659536,30.6737149697728
360768.759490894,4066042.60125827,51.9194908939535,31.2312582698651
360768.691451422,4066043.14963002,51.8514514219714,31.7796300197951
360768.626582256,4066043.68241443,51.7865822559688,32.3124144300818
360768.57293404,4066044.20946771,51.7329340399592,32.839467709884
360768.529774654,4066044.73154157,51.6897746539908,33.3615415696986
360768.485278463,4066045.23551218,51.6452784629655,33.8655121796764
360768.433534988,4066045.76068497,51.5935349880019,34.3906849697232
360768.382041025,4066046.28289451,51.5420410249499,34.9128945097327
360768.322538567,4066046.79783646,51.4825385669828,35.4278364600614
360768.265465925,4066047.334008,51.4254659249564,35.964007999748
360768.198680075,4066047.86793332,51.3586800749763,36.4979333197698
360768.134861848,4066048.40125549,51.2948618480004,37.0312554896809
360768.06660877,4066048.93649935,51.2266087699682,37.5664993496612
360768.004383901,4066049.45795884,51.1643839009921,38.087958839722
360767.928889244,4066049.99646473,51.0888892439543,38.626464729663
360767.858818441,4066050.52064124,51.0188184409635,39.1506412397139
360767.786338909,4066051.02488247,50.9463389089797,39.6548824696802
360767.718174179,4066051.53811596,50.8781741790008,40.1681159599684
360767.657080818,4066052.02848561,50.8170808180003,40.658485610038
360767.592251951,4066052.53630128,50.7522519509657,41.1663012797944
360767.534326556,4066053.0475186,50.6943265559967,41.6775185996667
360767.464802979,4066053.56872702,50.6248029790004,42.1987270200625
360767.407379954,4066054.09251269,50.56737995398,42.7225126898848
360767.340167139,4066054.61849218,50.500167138991,43.2484921799041
360767.274197499,4066055.13853306,50.4341974989511,43.7685330598615
360767.209905487,4066055.65188847,50.369905486994,44.2818884700537
360767.142444537,4066056.17176868,50.3024445369956,44.8017686801031
360767.074144788,4066056.69499163,50.2341447880026,45.3249916299246
360767.01032372,4066057.22812892,50.170323719969,45.8581289197318
360766.952473662,4066057.74396874,50.1124736619531,46.3739687399939
360766.899876544,4066058.27155979,50.0598765439936,46.901559789665
360766.856472565,4066058.80602924,50.016472564952,47.4360292400233
360766.800130586,4066059.33220166,49.9601305859978,47.9622016600333
360766.742118354,4066059.85636683,49.9021183539881,48.4863668298349
360766.677189297,4066060.38545329,49.837189296959,49.0154532897286
360766.615582713,4066060.91744484,49.7755827129586,49.5474448399618
360766.552624949,4066061.46702854,49.7126249489957,50.0970285399817
360766.483922618,4066062.0020948,49.64392261795,50.6320948000066
360766.419410334,4066062.54763494,49.5794103340013,51.177634940017
360766.358752298,4066063.07387763,49.5187522979686,51.7038776297122
360766.294161432,4066063.59630042,49.4541614319896,52.2263004197739
360766.229426089,4066064.10984802,49.3894260889501,52.7398480200209
360766.165914522,4066064.62541013,49.3259145219927,53.2554101296701
360766.105203677,4066065.1392621,49.2652036770014,53.7692621001042
360766.044741348,4066065.6775233,49.2047413479886,54.3075232999399
360765.986168349,4066066.19466956,49.1461683489615,54.8246695599519
360765.926323431,4066066.7068429,49.0863234309945,55.3368428996764
360765.880292782,4066067.2171268,49.0402927819523,55.8471268001013
360765.838928433,4066067.72141638,48.9989284329931,56.351416379679
360765.784614055,4066068.21666932,48.9446140549844,56.8466693200171
360765.746481192,4066068.6816971,48.9064811919816,57.3116970998235
360765.699787006,4066069.16036553,48.8597870059894,57.7903655297123
360765.653288486,4066069.65105246,48.8132884859806,58.2810524599627
360765.59998083,4066070.11669718,48.7599808299565,58.7466971799731
360765.526860505,4066070.58155475,48.6868605049676,59.2115547498688
360765.43570279,4066071.03579398,48.5957027899567,59.6657939800061
360765.325601664,4066071.50606228,48.4856016639969,60.1360622798093
360765.1923594,4066071.97226854,48.3523593999562,60.6022685398348
360765.040312504,4066072.3990169,48.2003125039628,61.0290168998763
360764.84775766,4066072.81569769,48.0077576600015,61.4456976898946
360764.624040816,4066073.20199932,47.7840408159536,61.8319993200712
360764.381474538,4066073.5643795,47.5414745379821,62.1943795001134
360764.109791121,4066073.91225285,47.2697911209543,62.5422528497875
360763.808879187,4066074.23877807,46.9688791869558,62.8687780699693
360763.469329235,4066074.54207391,46.6293292350019,63.1720739100128
360763.093680086,4066074.80434394,46.2536800859962,63.4343439401127
360762.683053155,4066075.02131607,45.8430531549966,63.6513160699978
360762.247086021,4066075.17230408,45.4070860209758,63.8023040797561
360761.796618319,4066075.28302435,44.9566183189745,63.9130243500695
360761.324892417,4066075.34988792,44.4848924169783,63.9798879199661
360760.8356592,4066075.37468321,43.9956591999508,64.0046832100488
360760.337671659,4066075.38297565,43.4976716589881,64.0129756499082
360759.839740604,4066075.35816131,42.999740603962,63.9881613100879
360759.339677382,4066075.31211259,42.4996773820021,63.9421125897206
360758.836109748,4066075.26112732,41.9961097479681,63.8911273200065
360758.327361419,4066075.20282847,41.4873614189564,63.8328284700401
360757.827870745,4066075.14622842,40.9878707449534,63.7762284199707
360757.332443672,4066075.09233647,40.4924436719739,63.7223364696838
360756.859202858,4066075.02957568,40.0192028579768,63.6595756798051
360756.385402833,4066074.96904341,39.5454028329696,63.5990434098057
360755.914175083,4066074.91105857,39.074175082962,63.5410585696809
360755.451032398,4066074.85590131,38.6110323979519,63.4859013101086
360755.018275439,4066074.80172896,38.1782754389569,63.4317289600149
360754.579766541,4066074.7417319,37.7397665409953,63.3717318996787
360754.11540741,4066074.67586747,37.2754074099939,63.3058674698696
360753.635793876,4066074.61487515,36.7957938759937,63.2448751498014
360753.143520614,4066074.55353414,36.3035206139903,63.1835341397673
360752.637172877,4066074.48724373,35.797172876948,63.1172437299974
360752.13301546,4066074.4183284,35.2930154599599,63.0483283996582
360751.637595635,4066074.35574405,34.7975956349983,62.9857440497726
360751.163015239,4066074.29300539,34.3230152389733,62.923005389981
360750.688389678,4066074.22749324,33.8483896779944,62.8574932399206
360750.184997832,4066074.17817016,33.3449978319695,62.808170159813
360749.68313776,4066074.12234895,32.8431377599481,62.7523489496671
360749.198276283,4066074.07734794,32.358276282961,62.7073479397222
360748.706291579,4066074.01544763,31.8662915789755,62.6454476299696
360748.214379118,4066073.95798495,31.3743791179731,62.587984949816
360747.725152955,4066073.89178595,30.8851529549574,62.5217859498225
360747.226559422,4066073.82629435,30.3865594219533,62.4562943498604
360746.731767956,4066073.76573449,29.8917679559672,62.3957344898954
360746.237490524,4066073.70017267,29.3974905239884,62.3301726700738
360745.733238351,4066073.63458834,28.8932383509818,62.2645883397199
360745.22404763,4066073.56741991,28.384047629952,62.1974199097604
360744.720952975,4066073.49978235,27.880952974956,62.1297823498026
360744.223088494,4066073.4333543,27.3830884939525,62.0633542998694
360743.722575139,4066073.36881891,26.8825751389959,61.9988189097494
360743.207710715,4066073.30063328,26.3677107149851,61.9306332799606
360742.684030395,4066073.22130934,25.8440303949756,61.8513093399815
360742.148130816,4066073.14125965,25.3081308159744,61.7712596496567
360741.60308796,4066073.06653744,24.7630879599601,61.6965374397114
360741.058145756,4066072.98885444,24.2181457559927,61.6188544398174
360740.521805668,4066072.90918192,23.6818056679913,61.5391819197685
360739.985110702,4066072.82600118,23.1451107019675,61.4560011797585
360739.446617701,4066072.74210995,22.6066177009488,61.3721099500544
360738.912999605,4066072.63761003,22.0729996049777,61.2676100297831
360738.375233179,4066072.50691493,21.5352331789909,61.1369149298407
360737.82002292,4066072.35634446,20.9800229199463,60.9863444599323
360737.270873489,4066072.17571359,20.4308734889491,60.8057135897689
360736.711037857,4066071.97879629,19.8710378569667,60.6087962896563
360736.163357819,4066071.76041196,19.3233578189975,60.3904119599611
360735.629566865,4066071.52645072,18.789566864958,60.1564507200383
360735.098606286,4066071.27431843,18.2586062859627,59.9043184299953
360734.576393219,4066071.00169933,17.7363932189764,59.6316993297078
360734.058781856,4066070.72826553,17.2187818559469,59.3582655298524
360733.556399057,4066070.43923301,16.7163990569534,59.0692330100574
360733.066021706,4066070.1377984,16.226021705952,58.7677984000184
360732.579826251,4066069.8189105,15.739826250996,58.4489104999229
360732.118763542,4066069.48925622,15.2787635419518,58.1192562198266
360731.689449716,4066069.14373421,14.8494497159845,57.7737342100591
360731.27325371,4066068.78098329,14.4332537099835,57.4109832900576
360730.868208888,4066068.38993855,14.0282088879612,57.0199385499582
360730.475486538,4066067.97853372,13.6354865379981,56.6085337200202
360730.09639474,4066067.55396052,13.2563947399613,56.183960519731
360729.755670973,4066067.10860309,12.9156709729577,55.7386030899361
360729.448528955,4066066.65936975,12.6085289549665,55.2893697498366
360729.156806069,4066066.17881389,12.3168060689932,54.8088138899766
360728.882274958,4066065.67522935,12.0422749579884,54.3052293499932
360728.641426261,4066065.16480806,11.8014262609649,53.7948080599308
360728.417362412,4066064.65207901,11.5773624119465,53.2820790098049
360728.190386006,4066064.11590887,11.3503860060009,52.7459088698961
360727.942675068,4066063.56805468,11.1026750679594,52.1980546796694
360727.675421965,4066063.0177445,10.8354219649918,51.6477445000783
360727.393686976,4066062.46489592,10.5536869759671,51.0948959197849
360727.102619839,4066061.94234601,10.2626198389917,50.5723460097797
360726.79165608,4066061.43214179,9.95165607996751,50.0621417900547
360726.464517787,4066060.92516017,9.62451778695686,49.5551601699553
360726.122093643,4066060.43026422,9.282093642978,49.0602642199956
360725.75296961,4066059.98703396,8.91296960995533,48.617033959832
360725.365188646,4066059.53171596,8.52518864598824,48.1617159596644
360724.942806801,4066059.0908326,8.1028068009764,47.7208325997926
360724.512317873,4066058.67319992,7.67231787298806,47.303199919872
360724.069247872,4066058.27833592,7.22924787196098,46.9083359199576
360723.624312699,4066057.9060661,6.78431269899011,46.5360661000013
360723.187156322,4066057.55438392,6.34715632197913,46.1843839199282
360722.751825037,4066057.20507638,5.91182503697928,45.8350763800554
360722.305518006,4066056.86741443,5.46551800594898,45.4974144296721
360721.862171235,4066056.53784207,5.02217123500304,45.1678420701064
360721.399984716,4066056.22152296,4.55998471594648,44.8515229597688
360720.944925751,4066055.91322556,4.1049257509876,44.5432255598716
360720.484083822,4066055.62462695,3.64408382197143,44.2546269497834
360720.022281337,4066055.34103765,3.18228133697994,43.9710376500152
360719.554519958,4066055.07548546,2.7145199579536,43.7054854598828
360719.076922308,4066054.81841619,2.2369223079877,43.4484161897562
360718.595533287,4066054.56621737,1.75553328695241,43.1962173697539
360718.108932545,4066054.33222845,1.26893254497554,42.9622284499928
360717.645132342,4066054.1270902,0.805132341978606,42.7570901997387
360717.159727828,4066053.93913417,0.319727827969473,42.5691341697238
360716.640717817,4066053.7718849,-0.199282183020841,42.4018848999403
360716.105372842,4066053.62543103,-0.734627158031799,42.2554310299456
360715.556392963,4066053.50102323,-1.28360703703947,42.1310232300311
360715.016536987,4066053.37924112,-1.82346301304642,42.0092411199585
360714.469288022,4066053.27884858,-2.37071197800105,41.908848579973
360713.910520483,4066053.18419213,-2.92947951704264,41.8141921297647
360713.361931172,4066053.11119395,-3.47806882800069,41.7411939497106
360712.821231679,4066053.04731477,-4.01876832102425,41.6773147699423
360712.28485305,4066052.99279765,-4.55514695000602,41.6227976498194
360711.744698583,4066052.96238544,-5.09530141705181,41.5923854396679
360711.191272693,4066052.93977231,-5.64872730703792,41.5697723100893
360710.627015642,4066052.93768001,-6.21298435801873,41.5676800101064
360710.059842634,4066052.95764418,-6.78015736601083,41.5876441798173
360709.499012648,4066052.99230101,-7.34098735201405,41.6223010099493
360708.943557409,4066053.03704254,-7.89644259103807,41.6670425399207
360708.382678896,4066053.11442346,-8.4573211040115,41.7444234597497
360707.832327041,4066053.19829115,-9.00767295900732,41.82829114981
360707.279676931,4066053.29643739,-9.56032306904672,41.9264373900369
360706.734987665,4066053.41720273,-10.1050123349996,42.0472027300857
360706.209204831,4066053.54709259,-10.6307951690396,42.1770925899036
360705.694658426,4066053.69048571,-11.1453415740398,42.3204857097007
360705.185659709,4066053.8454403,-11.6543402910465,42.4754403000698
360704.682596692,4066054.01749851,-12.1574033080251,42.6474985098466
360704.165088424,4066054.20754713,-12.6749115760322,42.8375471299514
360703.649485354,4066054.41402522,-13.1905146460049,43.0440252199769
360703.129278022,4066054.63944314,-13.7107219780446,43.2694431398995
360702.601112562,4066054.88810934,-14.2388874380267,43.518109339755
360702.101375785,4066055.14556001,-14.7386242150096,43.7755600097589
360701.615498957,4066055.42220461,-15.2245010430343,44.0522046098486
360701.154304176,4066055.69696765,-15.6856958240387,44.3269676500931
360700.706002332,4066055.97725414,-16.1339976680465,44.607254140079
360700.24941411,4066056.26063481,-16.5905858900514,44.8906348100863
360699.785551222,4066056.54524368,-17.0544487780426,45.1752436798997
360699.313988252,4066056.83238234,-17.5260117480066,45.4623823398724
360698.84676728,4066057.13017734,-17.9932327200077,45.7601773398928
360698.391747549,4066057.4275887,-18.448252451024,46.0575886997394
360697.938145637,4066057.72978566,-18.9018543630373,46.3597856597044
360697.492464977,4066058.03388807,-19.3475350230001,46.663888069801
360697.054374778,4066058.33786688,-19.7856252220226,46.9678668798879
360696.609799737,4066058.66414521,-20.2302002630313,47.2941452097148
360696.16439372,4066059.00338355,-20.6756062800414,47.6333835497499
360695.722944707,4066059.34792098,-21.117055292998,47.9779209797271
360695.287098882,4066059.69828554,-21.5529011180042,48.3282855399884
360694.857141865,4066060.05373279,-21.9828581350157,48.6837327899411
360694.450185818,4066060.39548908,-22.38981418201,49.025489079766
360694.043666004,4066060.74574594,-22.796333995997,49.3757459400222
360693.642157063,4066061.10202453,-23.1978429370211,49.7320245299488
360693.24939912,4066061.4563111,-23.5906008800375,50.0863111000508
360692.867604825,4066061.79821248,-23.9723951750202,50.4282124796882
360692.486240742,4066062.14824463,-24.3537592580542,50.778244629968
360692.096089587,4066062.49805002,-24.7439104130026,51.1280500199646
360691.703495662,4066062.85325875,-25.1365043380065,51.483258749824
360691.296651309,4066063.2018565,-25.5433486910188,51.8318564998917
360690.87827591,4066063.53714081,-25.9617240900407,52.1671408098191
360690.463585199,4066063.87014574,-26.3764148010523,52.5001457398757
360690.043351098,4066064.18271163,-26.7966489020037,52.8127116300166
360689.60296876,4066064.4830292,-27.2370312400162,53.113029200118
360689.146821824,4066064.76603341,-27.6931781760068,53.3960334099829
360688.686147966,4066065.03616495,-28.1538520340109,53.666164950002
360688.213465936,4066065.27283139,-28.6265340640093,53.9028313900344
360687.726973942,4066065.50250978,-29.1130260580103,54.1325097801164
360687.23463134,4066065.69288935,-29.6053686600062,54.322889349889
360686.759203873,4066065.86153933,-30.080796127033,54.4915393297561
360686.270698035,4066066.00413959,-30.5693019650062,54.6341395899654
360685.782959444,4066066.11158706,-31.0570405560429,54.741587060038
360685.269911156,4066066.19151952,-31.5700888440479,54.8215195196681
360684.749144194,4066066.25456242,-32.0908558060182,54.8845624197274
360684.228722061,4066066.28393901,-32.6112779390533,54.9139390098862
360683.710358964,4066066.29349253,-33.1296410360374,54.9234925298952
360683.183296842,4066066.28080894,-33.6567031580489,54.9108089399524
360682.659422918,4066066.25364743,-34.1805770820356,54.8836474297568
360682.138344908,4066066.21534346,-34.7016550920089,54.8453434598632
360681.639845392,4066066.16483498,-35.2001546079991,54.7948349798098
360681.144773257,4066066.10539314,-35.6952267430024,54.7353931399994
360680.639729385,4066066.04611376,-36.2002706150524,54.6761137600988
360680.101576809,4066065.97405742,-36.738423191011,54.6040574200451
360679.535482998,4066065.90486061,-37.3045170020196,54.5348606100306
360678.971989836,4066065.83081279,-37.8680101640057,54.4608127898537
360678.401483496,4066065.75576957,-38.4385165040148,54.3857695697807
360677.841266383,4066065.69091591,-38.9987336170161,54.3209159099497
360677.283334182,4066065.6201067,-39.5566658180323,54.2501066997647
360676.713270051,4066065.55393394,-40.1267299490282,54.1839339397848
360676.159909978,4066065.49877099,-40.6800900220405,54.1287709898315
360675.611928927,4066065.4448151,-41.228071073012,54.0748151000589
360675.076328017,4066065.39232211,-41.7636719830334,54.0223221099004
360674.540007037,4066065.34132047,-42.2999929630314,53.9713204698637
360674.008771666,4066065.28265311,-42.8312283340492,53.9126531099901
360673.470956328,4066065.23130598,-43.3690436720499,53.8613059800118
360672.928836907,4066065.1807688,-43.9111630929983,53.8107687998563
360672.390502764,4066065.12499142,-44.4494972359971,53.754991420079
360671.859360738,4066065.07205609,-44.9806392620085,53.7020560898818
360671.328505551,4066065.00931381,-45.5114944490488,53.6393138100393
360670.785934811,4066064.94935172,-46.0540651890333,53.5793517199345
360670.276947616,4066064.89476092,-46.5630523840082,53.5247609200887
360669.815639041,4066064.83347504,-47.0243609590107,53.4634750396945
360669.346502615,4066064.77601569,-47.4934973850031,53.4060156899504
360668.905158577,4066064.71569926,-47.9348414230044,53.3456992600113
360668.421996346,4066064.67455904,-48.4180036540492,53.3045590398833
360667.906841969,4066064.60693746,-48.9331580310245,53.2369374600239
360667.320517071,4066064.52956338,-49.5194829290267,53.1595633798279
360666.712953837,4066064.43699962,-50.1270461630193,53.0669996198267
360666.109354274,4066064.32273228,-50.7306457260274,52.9527322798967
360665.489647163,4066064.18838299,-51.3503528370056,52.8183829900809
360664.915651383,4066064.01796376,-51.9243486170308,52.647963759955
360664.389830129,4066063.83473803,-52.4501698710374,52.4647380299866
360663.873187113,4066063.61178369,-52.9668128870544,52.2417836897075
360663.368216882,4066063.36515067,-53.4717831180315,51.9951506699435
360662.886672909,4066063.10352504,-53.9533270910033,51.7335250400938
360662.414819932,4066062.80623132,-54.4251800680067,51.4362313197926
360661.977855715,4066062.47563323,-54.8621442849981,51.1056332299486
360661.562751776,4066062.09788688,-55.2772482240107,50.7278868798167
360661.206026148,4066061.67572641,-55.6339738520328,50.3057264098898
360660.914140644,4066061.22199297,-55.925859356008,49.8519929698668
360660.663786461,4066060.7588903,-56.1762135390309,49.3888902999461
360660.468846019,4066060.25216158,-56.3711539810174,48.8821615800262
360660.30191307,4066059.7466411,-56.5380869299988,48.3766410998069
360660.170099072,4066059.21280609,-56.6699009280419,47.8428060896695
360660.08573355,4066058.66728605,-56.754266450007,47.2972860499285
360660.032816183,4066058.10571793,-56.807183817029,46.7357179298997
360660.01122281,4066057.5478933,-56.8287771900068,46.1778933000751
360660.029557357,4066057.00106996,-56.8104426430073,45.6310699600726
360660.060736646,4066056.45681158,-56.779263354023,45.0868115797639
360660.109727016,4066055.89099387,-56.7302729840158,44.5209938697517
360660.16855904,4066055.29875305,-56.6714409600245,43.9287530500442
360660.219865691,4066054.71976622,-56.6201343090506,43.3497662199661
360660.274104372,4066054.15626736,-56.5658956280095,42.786267359741
360660.330792999,4066053.62435487,-56.5092070010141,42.2543548699468
360660.393795183,4066053.12359593,-56.446204817039,41.7535959300585
360660.446036846,4066052.63854802,-56.3939631539979,41.268548019696
360660.51018687,4066052.16255356,-56.3298131300253,40.792553559877
360660.566933237,4066051.69814656,-56.2730667630094,40.3281465601176
360660.632024468,4066051.22509596,-56.2079755320447,39.8550959597342
360660.699991718,4066050.75495768,-56.1400082820328,39.384957680013
360660.777185438,4066050.24804916,-56.0628145619994,38.8780491598882
360660.857586641,4066049.71870955,-55.9824133590446,38.3487095497549
360660.931894776,4066049.19002405,-55.9081052240217,37.8200240498409
360661.00719655,4066048.65836318,-55.8328034500009,37.2883631796576
360661.077905625,4066048.12807178,-55.7620943750371,36.7580717797391
360661.161323341,4066047.57371489,-55.6786766590085,36.2037148899399
360661.231964379,4066047.03010827,-55.6080356210005,35.6601082696579
360661.315538764,4066046.48536619,-55.5244612360257,35.1153661897406
360661.388067006,4066045.9570796,-55.4519329940085,34.5870795999654
360661.469849966,4066045.43030677,-55.3701500340249,34.0603067697957
360661.548849752,4066044.88804356,-55.2911502480274,33.5180435599759
360661.633591971,4066044.33274036,-55.2064080290147,32.9627403598279
360661.711991653,4066043.78105453,-55.1280083470047,32.4110545297153
360661.801670687,4066043.218088,-55.0383293130435,31.8480879999697
360661.885683287,4066042.64541147,-54.9543167130323,31.2754114698619
360661.968706511,4066042.0668327,-54.8712934890064,30.6968326997012
360662.039974454,4066041.47032043,-54.8000255460502,30.1003204300068
360662.100295654,4066040.89636535,-54.7397043460514,29.5263653500006
360662.171021847,4066040.33056346,-54.6689781530295,28.9605634598993
360662.243586475,4066039.75881325,-54.5964135250542,28.3888132497668
360662.298408724,4066039.19456512,-54.5415912760072,27.8245651200414
360662.376433199,4066038.61070427,-54.4635668010451,27.2407042700797
360662.451508153,4066038.02855602,-54.3884918470285,26.6585560198873
360662.519819952,4066037.46075903,-54.3201800480019,26.0907590300776
360662.587011614,4066036.88817162,-54.2529883860261,25.5181716200896
360662.658325408,4066036.31274282,-54.1816745920223,24.9427428198978
360662.732906831,4066035.76426335,-54.1070931690047,24.3942633499391
360662.812112334,4066035.20720089,-54.0278876660159,23.8372008898295
360662.886922161,4066034.65446388,-53.9530778390472,23.284463880118
360662.961540995,4066034.09914069,-53.8784590050345,22.7291406900622
360663.027892727,4066033.53895856,-53.8121072730282,22.168958560098
360663.117355107,4066032.96267925,-53.7226448930451,21.5926792500541
360663.199871805,4066032.38040977,-53.640128195053,21.0104097700678
360663.290581553,4066031.78931422,-53.5494184470153,20.419314220082
360663.372589751,4066031.19410659,-53.4674102490535,19.824106589891
360663.448659727,4066030.59992046,-53.391340273025,19.2299204599112
360663.531621194,4066030.00839629,-53.3083788060467,18.6383962896653
360663.616081265,4066029.40834005,-53.2239187350497,18.0383400497958
360663.687841164,4066028.81459404,-53.1521588360192,17.4445940400474
360663.755682561,4066028.24532515,-53.0843174390029,16.8753251498565
360663.814885658,4066027.6758271,-53.0251143420464,16.3058270998299
360663.871650213,4066027.10285474,-52.9683497869992,15.7328547397628
360663.925008475,4066026.54011008,-52.9149915250018,15.1701100799255
360663.975444317,4066025.98074211,-52.8645556830452,14.6107421098277
360664.036138115,4066025.43877719,-52.8038618850405,14.0687771900557
360664.089660852,4066024.89526456,-52.7503391480423,13.5252645597793
360664.152294965,4066024.33532797,-52.6877050350304,12.9653279697523
360664.222861846,4066023.75972642,-52.617138154048,12.3897264199331
360664.289832658,4066023.18270386,-52.5501673420076,11.8127038599923
360664.378270968,4066022.589241,-52.4617290320457,11.2192409997806
360664.453182373,4066022.00617071,-52.3868176270044,10.6361707099713
360664.529155472,4066021.43344028,-52.3108445280232,10.0634402800351
360664.604800796,4066020.8588657,-52.2351992040058,9.48886570008472
360664.671502897,4066020.29275953,-52.1684971030336,8.92275952966884
360664.745260387,4066019.73023739,-52.0947396130068,8.36023738980293
360664.826728294,4066019.15667765,-52.0132717060042,7.78667764971033
360664.917404534,4066018.59092071,-51.9225954660215,7.22092070989311
360664.990173224,4066018.04080628,-51.8498267760151,6.67080627987161
360665.074707509,4066017.50011753,-51.7652924910071,6.13011753000319
360665.157878217,4066016.9579714,-51.6821217830293,5.58797140000388
360665.245767629,4066016.40391166,-51.5942323710187,5.03391165984795
360665.329068572,4066015.84234376,-51.510931427998,4.47234376007691
360665.424896257,4066015.25467891,-51.4151037430274,3.88467891002074
360665.512266371,4066014.67787889,-51.3277336290339,3.30787889007479
360665.587514779,4066014.09720747,-51.252485221019,2.72720746975392
360665.658108993,4066013.52327005,-51.1818910069997,2.15327004995197
360665.735530767,4066012.97548417,-51.1044692330179,1.60548416990787
360665.802052847,4066012.41659397,-51.0379471530323,1.04659396968782
360665.8866994,4066011.85537406,-50.9533005999983,0.485374059993774
360665.953590232,4066011.30997913,-50.8864097680198,-0.060020870063454
360666.028077569,4066010.76483035,-50.8119224310503,-0.605169650167227
360666.104235213,4066010.2216888,-50.7357647870085,-1.14831120008603
360666.184028113,4066009.68237196,-50.6559718869976,-1.6876280400902
360666.252926109,4066009.14138312,-50.5870738910162,-2.22861688025296
360666.321753601,4066008.60520411,-50.5182463990059,-2.76479589007795
360666.396398865,4066008.06060761,-50.4436011350481,-3.30939239030704
360666.462559437,4066007.52521184,-50.3774405630538,-3.84478816017509
360666.537168032,4066006.9600866,-50.3028319680016,-4.40991340018809
360666.6199263,4066006.39260919,-50.2200737000094,-4.97739080991596
360666.692885709,4066005.82677102,-50.1471142910305,-5.5432289801538
360666.754696493,4066005.27110172,-50.0853035070468,-6.0988982799463
360666.822452109,4066004.73309069,-50.0175478910096,-6.6369093102403
360666.901001478,4066004.18140253,-49.9389985220041,-7.18859747005627
360666.961560152,4066003.63111716,-49.8784398480202,-7.73888284014538
360667.029279111,4066003.07257738,-49.8107208890142,-8.29742262000218
360667.100676733,4066002.51138839,-49.7393232670147,-8.85861161025241
360667.176886992,4066001.96232764,-49.6631130080205,-9.40767236007378
360667.239949301,4066001.4286469,-49.600050699024,-9.94135309988633
360667.311231259,4066000.86949423,-49.5287687410018,-10.500505770091
360667.384288408,4066000.30051035,-49.455711592047,-11.0694896499626
360667.458119316,4065999.71505339,-49.381880683999,-11.6549466103315
360667.535025756,4065999.11733969,-49.3049742440344,-12.2526603098959
360667.617539668,4065998.51657546,-49.2224603320356,-12.8534245402552
360667.699936118,4065997.90860012,-49.1400638820487,-13.4613998802379
360667.778662965,4065997.30382871,-49.0613370350329,-14.0661712898873
360667.859255914,4065996.71308302,-48.9807440860313,-14.656916980166
360667.942777884,4065996.1376404,-48.8972221160075,-15.2323596002534
360668.021563085,4065995.57300199,-48.8184369149967,-15.796998010017
360668.112719514,4065995.00927174,-48.7272804860258,-16.3607282601297
360668.197441226,4065994.43436442,-48.6425587740378,-16.9356355802156
360668.291659383,4065993.84839041,-48.5483406170388,-17.5216095899232
360668.380196564,4065993.27009185,-48.4598034360097,-18.0999081502669
360668.474406951,4065992.67450062,-48.3655930490349,-18.6954993801191
360668.563002629,4065992.09065264,-48.2769973710529,-19.2793473601341
360668.652915497,4065991.51455107,-48.1870845030062,-19.8554489300586
360668.738310943,4065990.94444147,-48.1016890570172,-20.4255585302599
360668.828109378,4065990.3613137,-48.0118906220305,-21.0086862999015
360668.917664919,4065989.79982894,-47.9223350810353,-21.5701710600406
360669.036082056,4065989.23713421,-47.8039179440239,-22.1328657902777
360669.179337513,4065988.66386264,-47.6606624870328,-22.7061373600736
360669.330075045,4065988.08381102,-47.5099249550258,-23.2861889800988
360669.506938498,4065987.51738993,-47.3330615020241,-23.8526100702584
360669.709134276,4065986.97071561,-47.1308657240006,-24.399284390267
360669.942343378,4065986.43611261,-46.8976566220517,-24.9338873899542
360670.202694909,4065985.9227065,-46.6373050910188,-25.4472934999503
360670.48963624,4065985.45140552,-46.3503637600225,-25.9185944800265
360670.827025338,4065985.0062853,-46.0129746620078,-26.3637147000991
360671.188297598,4065984.58333982,-45.6517024020432,-26.7866601799615
360671.584898121,4065984.18145788,-45.2551018790109,-27.1885421201587
360672.014535939,4065983.80622529,-44.8254640610539,-27.5637747100554
360672.473482956,4065983.46639539,-44.3665170440218,-27.9036046098918
360672.948095943,4065983.15608711,-43.8919040570036,-28.2139128902927
360673.453658828,4065982.89964971,-43.3863411720377,-28.470350290183
360673.977940167,4065982.69561791,-42.8620598330163,-28.6743820901029
360674.513224193,4065982.52728702,-42.3267758070142,-28.8427129802294
360675.028951167,4065982.41956815,-41.811048833013,-28.9504318502732
360675.526152106,4065982.36264221,-41.3138478940236,-29.0073577901348
360676.025541414,4065982.33952632,-40.8144585860427,-29.0304736802354
360676.555505835,4065982.35641625,-40.2844941650401,-29.0135837499984
360677.094785781,4065982.39682794,-39.7452142190305,-28.973172060214
360677.61706435,4065982.44454468,-39.222935650032,-28.9254553201608
360678.151815303,4065982.50851875,-38.6881846970064,-28.8614812502637
360678.701843622,4065982.57816236,-38.1381563780014,-28.7918376401067
360679.250072635,4065982.65615803,-37.5899273650139,-28.7138419700786
360679.820704936,4065982.73859746,-37.0192950640339,-28.6314025400206
360680.394640424,4065982.83189513,-36.4453595760278,-28.538104869891
360680.966404887,4065982.91986467,-35.8735951130511,-28.4501353302039
360681.541669051,4065983.00333846,-35.2983309490373,-28.3666615402326
360682.123767483,4065983.08596117,-34.7162325170357,-28.2840388300829
360682.703341761,4065983.16899494,-34.1366582390037,-28.2010050602257
360683.280719668,4065983.25428391,-33.5592803320033,-28.1157160899602
360683.852162304,4065983.34077929,-32.9878376960405,-28.0292207100429
360684.428453176,4065983.42331181,-32.4115468240343,-27.9466881901026
360685.004537978,4065983.50233369,-31.8354620220489,-27.8676663101651
360685.579313386,4065983.58322643,-31.2606866140268,-27.7867735698819
360686.1469104,4065983.67126419,-30.6930896000122,-27.698735809885
360686.701346828,4065983.75563243,-30.1386531720054,-27.6143675702624
360687.240409999,4065983.84672433,-29.5995900010457,-27.5232756701298
360687.777384727,4065983.92841789,-29.0626152730547,-27.4415821102448
360688.296657323,4065984.01095466,-28.5433426770032,-27.3590453402139
360688.824276615,4065984.0940953,-28.0157233850332,-27.27590470016
360689.370043255,4065984.18544805,-27.4699567450443,-27.1845519500785
360689.926891058,4065984.27162671,-26.9131089420407,-27.0983732901514
360690.481585914,4065984.35358664,-26.3584140860476,-27.0164133599028
360691.025376781,4065984.43331988,-25.8146232190193,-26.9366801199503
360691.573045074,4065984.52260735,-25.2669549260172,-26.8473926503211
360692.120034955,4065984.59766483,-24.7199650450493,-26.7723351703025
360692.654983132,4065984.68290572,-24.1850168680539,-26.6870942800306
360693.180477763,4065984.75442945,-23.6595222370233,-26.6155705503188
360693.686787958,4065984.82719042,-23.1532120420015,-26.5428095799871
360694.189474949,4065984.89686631,-22.6505250510527,-26.4731336901896
360694.712251403,4065984.96603006,-22.1277485970058,-26.4039699402638
360695.254032057,4065985.04117258,-21.5859679430141,-26.3288274202496
360695.814760959,4065985.10971824,-21.0252390410169,-26.2602817602456
360696.370817534,4065985.18388852,-20.4691824660404,-26.1861114799976
360696.932755148,4065985.25352426,-19.9072448520456,-26.116475739982
360697.485908581,4065985.32311816,-19.3540914190235,-26.0468818400986
360698.032583877,4065985.38800894,-18.807416123047,-25.9819910600781
360698.581004742,4065985.45952948,-18.2589952580165,-25.9104705201462
360699.138041123,4065985.52073754,-17.7019588770345,-25.8492624601349
360699.701761672,4065985.59015947,-17.1382383280434,-25.7798405298963
360700.245272281,4065985.65269759,-16.594727719028,-25.717302409932
360700.790157245,4065985.72649525,-16.0498427550192,-25.6435047499835
360701.349038541,4065985.80043489,-15.4909614589997,-25.5695651099086
360701.904072517,4065985.86666937,-14.9359274830204,-25.5033306302503
360702.456569021,4065985.94163781,-14.38343097904,-25.4283621902578
360703.017783432,4065986.01258037,-13.822216568049,-25.3574196300469
360703.566148722,4065986.08983555,-13.2738512780052,-25.2801644499414
360704.120610138,4065986.16662159,-12.7193898620317,-25.2033784100786
360704.673754399,4065986.23566125,-12.1662456010235,-25.1343387500383
360705.207658745,4065986.31167247,-11.6323412550264,-25.0583275300451
360705.743777511,4065986.38653796,-11.0962224890245,-24.9834620403126
360706.275647628,4065986.45647905,-10.5643523720209,-24.9135209498927
360706.825126955,4065986.53815508,-10.014873045031,-24.8318449202925
360707.381687025,4065986.61583189,-9.4583129750099,-24.7541681099683
360707.948079106,4065986.69390345,-8.89192089403514,-24.676096550189
360708.520121266,4065986.7898231,-8.31987873400794,-24.5801769001409
360709.08824429,4065986.89190993,-7.75175571005093,-24.478090070188
360709.673438772,4065986.96357207,-7.16656122804852,-24.4064279301092
360710.278891725,4065986.99939411,-6.56110827502562,-24.3706058901735
360710.893753836,4065987.01878744,-5.94624616403598,-24.3512125601992
360711.513463307,4065986.99759804,-5.32653669302817,-24.3724019601941
360712.154685171,4065986.94443204,-4.68531482905382,-24.4255679599009
360712.779366319,4065986.86286837,-4.06063368101604,-24.5071316300891
360713.390307489,4065986.75119687,-3.44969251099974,-24.6188031299971
360713.987871313,4065986.622543,-2.85212868702365,-24.7474569999613
360714.585006282,4065986.4766959,-2.25499371800106,-24.8933041002601
360715.171463549,4065986.29680716,-1.66853645100491,-25.0731928399764
360715.754878779,4065986.08552667,-1.08512122102547,-25.2844733302481
360716.319522554,4065985.85513226,-0.520477446028963,-25.5148677402176
360716.851816643,4065985.61287313,0.011816642945632,-25.7571268700995
360717.377119468,4065985.34354037,0.537119467975572,-26.0264596301131
360717.897284996,4065985.06042013,1.05728499597171,-26.3095798701979
360718.413208812,4065984.74537282,1.57320881198393,-26.6246271799318
360718.923805639,4065984.40488933,2.08380563894752,-26.9651106703095
360719.424027198,4065984.03979165,2.58402719796868,-27.330208349973
360719.90416148,4065983.63877111,3.06416147999698,-27.7312288898975
360720.367139124,4065983.22637821,3.52713912399486,-28.1436217902228
360720.813838073,4065982.80167388,3.97383807296865,-28.5683261202648
360721.264328445,4065982.37209917,4.42432844499126,-28.9979008301161
360721.710090612,4065981.93557342,4.8700906119775,-29.4344265800901
360722.124068327,4065981.48532421,5.28406832698965,-29.8846757900901
360722.524366764,4065981.02697508,5.68436676397687,-30.3430249202065
360722.907327901,4065980.54615956,6.0673279009643,-30.8238404402509
360723.271891838,4065980.04178523,6.43189183797222,-31.328214770183
360723.614118362,4065979.51872491,6.77411836199462,-31.8512750901282
360723.931693676,4065978.97202266,7.09169367596041,-32.3979773400351
360724.204225021,4065978.42013556,7.36422502098139,-32.9498644401319
360724.443581209,4065977.8514035,7.60358120896854,-33.5185965001583
360724.642907289,4065977.2836932,7.80290728894761,-34.0863068001345
360724.806564164,4065976.70139793,7.96656416397309,-34.6686020703055
360724.941843366,4065976.11346145,8.10184336599195,-35.2565385499038
360725.065797914,4065975.5340321,8.22579791396856,-35.8359679002315
360725.163858483,4065974.95520935,8.323858482996,-36.4147906498984
360725.247154869,4065974.3930875,8.40715486899717,-36.9769125003368
360725.329944966,4065973.84558486,8.48994496598607,-37.5244151400402
360725.419307832,4065973.29945478,8.57930783199845,-38.0705452202819
360725.507058929,4065972.74576805,8.66705892898608,-38.6242319499142
360725.594871558,4065972.18671679,8.75487155799056,-39.1832832102664
360725.678350379,4065971.64493636,8.83835037896642,-39.7250636401586
360725.75935625,4065971.10671024,8.91935624997132,-40.2632897603326
360725.841167819,4065970.56310748,9.00116781896213,-40.8068925202824
360725.916889272,4065970.02034368,9.07688927196432,-41.349656320177
360725.994858293,4065969.47846804,9.15485829295358,-41.8915319601074
360726.069006717,4065968.91224134,9.22900671698153,-42.4577586599626
360726.147525108,4065968.3309626,9.30752510798629,-43.0390373999253
360726.208540965,4065967.73535791,9.36854096496245,-43.6346420901828
360726.243582407,4065967.10799506,9.40358240698697,-44.2620049403049
360726.309781659,4065966.50157892,9.46978165896144,-44.8684210800566
360726.38984954,4065965.89660149,9.54984953999519,-45.473398509901
360726.465884285,4065965.30907494,9.62588428496383,-46.0609250599518
360726.529392939,4065964.72027278,9.68939293897711,-46.6497272201814
360726.589624665,4065964.14964898,9.74962466495344,-47.2203510203399
360726.652174922,4065963.59341345,9.81217492197175,-47.7765865502879
360726.717148677,4065963.03972775,9.87714867695468,-48.3302722503431
360726.785733593,4065962.48838758,9.94573359296192,-48.8816124200821
360726.865164895,4065961.91745115,10.0251648949925,-49.4525488503277
360726.930311195,4065961.34693228,10.0903111950029,-50.0230677202344
360726.989889554,4065960.80017756,10.1498895539553,-50.5698224399239
360727.035009574,4065960.23405367,10.1950095740031,-51.1359463301487
360727.076876341,4065959.66927741,10.2368763409904,-51.7007225900889
360727.110927191,4065959.1090672,10.2709271909553,-52.2609327998944
360727.157290391,4065958.5370047,10.3172903909581,-52.8329953001812
360727.203032468,4065957.95422528,10.3630324679543,-53.4157747202553
360727.252852873,4065957.35676848,10.412852872978,-54.0132315200754
360727.307280215,4065956.78623921,10.4672802150017,-54.5837607900612
360727.364562098,4065956.19901806,10.5245620979695,-55.170981939882
360727.427998658,4065955.60577831,10.587998657953,-55.7642216901295
360727.494721208,4065954.99491491,10.6547212079749,-56.375085090287
360727.578827208,4065954.38191894,10.7388272079988,-56.9880810598843
360727.674777508,4065953.80146609,10.8347775079892,-57.5685339099728
360727.784898847,4065953.23187942,10.9448988469667,-58.1381205799989
360727.89793666,4065952.65854628,11.0579366599559,-58.7114537199959
360728.040801462,4065952.08842644,11.2008014619933,-59.2815735600889
360728.215022038,4065951.51483682,11.3750220380025,-59.8551631802693
360728.439965259,4065950.95688173,11.5999652589671,-60.4131182702258
360728.699487833,4065950.41057021,11.8594878329895,-60.9594297902659
360728.996638701,4065949.88029138,12.1566387009807,-61.4897086201236
360729.334497813,4065949.34491092,12.4944978129934,-62.0250890799798
360729.722413306,4065948.81167457,12.8824133059825,-62.5583254299127
360730.153196808,4065948.31454506,13.3131968079833,-63.0554549400695
360730.61835706,4065947.84404331,13.7783570599859,-63.5259566903114
360731.108335979,4065947.41660048,14.2683359789662,-63.9533995199017
360731.630154543,4065947.04282928,14.7901545429486,-64.3271707203239
360732.164497976,4065946.67939627,15.3244979759911,-64.6906037302688
360732.709424502,4065946.35333562,15.8694245019578,-65.0166643802077
360733.258884812,4065946.07713742,16.4188848119811,-65.2928625801578
360733.823886583,4065945.85025252,16.9838865829515,-65.5197474802844
360734.41052859,4065945.65408674,17.5705285899458,-65.7159132598899
360735.026025802,4065945.50202386,18.1860258019879,-65.8679761402309
360735.628612703,4065945.37994804,18.7886127029778,-65.9900519601069
360736.222141292,4065945.30499679,19.3821412919788,-66.065003210213
360736.810135014,4065945.25584363,19.9701350139803,-66.1141563700512
360737.366703175,4065945.25158995,20.5267031749827,-66.1184100499377
360737.924206872,4065945.26822032,21.0842068719794,-66.1017796802335
360738.509170334,4065945.31639978,21.6691703339457,-66.0536002200097
360739.113701965,4065945.37776195,22.273701964994,-65.9922380503267
360739.728645936,4065945.43858473,22.8886459359783,-65.9314152700827
360740.346509373,4065945.49584599,23.5065093729645,-65.8741540103219
360740.971745627,4065945.56704336,24.1317456269753,-65.8029566402547
360741.600493672,4065945.63448463,24.7604936719872,-65.7355153700337
360742.224919501,4065945.70162641,25.384919500968,-65.6683735903353
360742.842366872,4065945.77905406,26.0023668719805,-65.5909459399991
360743.470884763,4065945.84150559,26.6308847629698,-65.5284944102168
360744.075751789,4065945.91432948,27.2357517889468,-65.4556705201976
360744.680331488,4065945.97865044,27.8403314879979,-65.3913495601155
360745.296509866,4065946.05129025,28.456509865995,-65.3187097501941
360745.920090788,4065946.12140525,29.0800907879602,-65.2485947501846
360746.541541544,4065946.19784323,29.7015415439964,-65.172156770248
360747.150090221,4065946.26820306,30.310090220999,-65.1017969399691
360747.738606524,4065946.34258807,30.8986065239878,-65.027411930263
360748.313819404,4065946.41367568,31.4738194039674,-64.9563243202865
360748.883573586,4065946.48781139,32.0435735859792,-64.8821886102669
360749.458573065,4065946.56408112,32.618573064974,-64.8059188802727
360750.036752232,4065946.6436282,33.1967522319756,-64.7263718000613
360750.630707772,4065946.72291847,33.7907077719574,-64.6470815301873
360751.224446912,4065946.80720593,34.3844469119795,-64.5627940702252
360751.825360166,4065946.89322611,34.9853601659997,-64.476773890201
360752.428717964,4065946.98309047,35.588717963954,-64.3869095300324
360753.028870641,4065947.07726087,36.1888706409954,-64.2927391300909
360753.619419669,4065947.166779,36.7794196689501,-64.2032210002653
360754.196790026,4065947.2515181,37.3567900259513,-64.1184819000773
360754.77919496,4065947.32544824,37.9391949599958,-64.0445517599583
360755.385048072,4065947.40399028,38.5450480720028,-63.9660097202286
360756.000560319,4065947.48145038,39.1605603189673,-63.8885496202856
360756.620835234,4065947.55883297,39.780835233978,-63.8111670301296
360757.23728561,4065947.63905212,40.3972856099717,-63.7309478800744
360757.848411067,4065947.72139243,41.0084110669559,-63.6486075702123
360758.439049949,4065947.79814794,41.5990499489708,-63.5718520600349
360759.024900722,4065947.88256436,42.1849007220007,-63.4874356403016
360759.614700759,4065947.96266269,42.7747007589787,-63.4073373102583
360760.182868707,4065948.03996909,43.3428687069682,-63.3300309102051
360760.748790758,4065948.1256348,43.908790757996,-63.2443651999347
360761.317904195,4065948.19700752,44.477904194966,-63.1729924799874
360761.882021821,4065948.26328304,45.042021820962,-63.1067169602029
360762.442465081,4065948.32333015,45.6024650809704,-63.0466698501259
360762.992279591,4065948.38891384,46.152279590955,-62.9810861600563
360763.559015994,4065948.45144786,46.7190159939928,-62.9185521402396
360764.137588519,4065948.5185979,47.2975885189953,-62.8514021001756
360764.727003491,4065948.59333932,47.8870034909924,-62.7766606803052
360765.330253648,4065948.64917572,48.490253647964,-62.7208242802881
360765.940659859,4065948.70563545,49.1006598589593,-62.6643645502627
360766.551063049,4065948.76191033,49.7110630489769,-62.6080896700732
360767.154822888,4065948.82162249,50.3148228880018,-62.5483775101602
360767.745661266,4065948.88320957,50.9056612659479,-62.4867904302664
360768.333380143,4065948.94521738,51.4933801429579,-62.4247826202773
360768.935086377,4065949.00681257,52.0950863769976,-62.3631874299608
360769.543100809,4065949.07181915,52.7031008089543,-62.2981808502227
360770.148810485,4065949.13242452,53.3088104850031,-62.2375754802488
360770.746541976,4065949.20592128,53.9065419759718,-62.164078719914
360771.322845746,4065949.27088935,54.4828457459807,-62.0991106498987
360771.887087949,4065949.3356839,55.0470879490022,-62.0343161001802
360772.4396552,4065949.4149096,55.5996551999706,-61.9550904002972
360772.995719513,4065949.50776464,56.1557195129572,-61.8622353603132
360773.55967999,4065949.62841848,56.7196799899684,-61.7415815200657
360774.120325936,4065949.77409442,57.2803259359789,-61.5959055800922
360774.659955152,4065949.94563546,57.8199551519938,-61.4243645402603
360775.208864864,4065950.12941705,58.3688648639945,-61.2405829499476
360775.754580425,4065950.34561674,58.9145804249565,-61.0243832599372
360776.26797992,4065950.58860525,59.4279799200012,-60.7813947498798
360776.704904563,4065950.84356569,59.8649045630009,-60.5264343102463
360777.119892379,4065951.12274166,60.2798923789524,-60.2472583400086
360777.513148029,4065951.43870634,60.67314802896,-59.9312936603092
360777.867594759,4065951.79414205,61.0275947589544,-59.5758579499088
360778.219274411,4065952.18994169,61.3792744109523,-59.180058310274
360778.521780956,4065952.62871013,61.6817809559871,-58.7412898698822
360778.792784828,4065953.09850796,61.9527848279686,-58.2714920402505
360779.025149091,4065953.57244879,62.1851490909467,-57.7975512100384
360779.195746577,4065954.09307743,62.35574657697,-57.2769225700758
360779.331781818,4065954.63054418,62.491781817982,-56.7394558200613
360779.416776118,4065955.16939661,62.5767761179595,-56.2006033901125
360779.448857556,4065955.69523916,62.6088575559552,-55.6747608399019
360779.44150002,4065956.24928109,62.601500019955,-55.1207189098932
360779.407653106,4065956.80393914,62.5676531060017,-54.5660608601756
360779.354015986,4065957.36835174,62.5140159860021,-54.0016482602805
360779.276287538,4065957.94351363,62.4362875379738,-53.4264863701537
360779.210091229,4065958.50461663,62.3700912289787,-52.8653833703138
360779.144870848,4065959.07994482,62.3048708479619,-52.2900551799685
360779.066456811,4065959.6495694,62.2264568109531,-51.7204305999912
360778.990890037,4065960.21119484,62.1508900369518,-51.1588051603176
360778.920457506,4065960.78642292,62.0804575060029,-50.5835770801641
360778.843433875,4065961.34085907,62.0034338749829,-50.0291409301572
360778.774496781,4065961.88906026,61.9344967809739,-49.4809397403151
360778.709200926,4065962.44145602,61.869200925983,-48.9285439802334
360778.629296671,4065962.98354747,61.7892966709915,-48.3864525300451
360778.556559162,4065963.53606436,61.716559161956,-47.8339356402867
360778.484259136,4065964.08801928,61.6442591359955,-47.281980719883
360778.401892618,4065964.64346715,61.5618926179595,-46.7265328499489
360778.334268305,4065965.2082924,61.4942683049594,-46.161707600113
360778.26563061,4065965.76573618,61.4256306099705,-45.6042638202198
360778.193105199,4065966.32213355,61.3531051989994,-45.047866450157
360778.117878372,4065966.88634276,61.2778783719987,-44.4836572399363
360778.049571487,4065967.4458156,61.2095714869793,-43.9241844001226
360777.975096527,4065968.01962991,61.1350965269958,-43.3503700899892
360777.907757911,4065968.58371072,61.0677579109906,-42.7862892802805
360777.82392287,4065969.14953965,60.9839228699566,-42.2204603501596
360777.755221,4065969.730473,60.9152209999738,-41.6395270000212
360777.674452949,4065970.30180048,60.8344529489987,-41.0681995199993
360777.600299796,4065970.87708916,60.7602997959475,-40.4929108400829
360777.524044929,4065971.45130236,60.6840449289884,-39.9186976402998
360777.44581476,4065972.03220587,60.6058147599688,-39.3377941302024
360777.376119274,4065972.61611459,60.5361192739801,-38.7538854102604
360777.305163907,4065973.19579,60.465163906978,-38.1742100003175
360777.235000875,4065973.7784117,60.3950008749962,-37.5915883001871
360777.165841916,4065974.34955021,60.3258419159683,-37.0204497901723
360777.091497878,4065974.92225272,60.2514978779946,-36.4477472798899
360777.020130519,4065975.49490678,60.1801305189729,-35.8750932202674
360776.953895437,4065976.05360612,60.1138954369817,-35.3163938801736
360776.875964387,4065976.62544228,60.0359643870033,-34.7445577201433
360776.807408189,4065977.18787839,59.967408188968,-34.1821216102689
360776.735368337,4065977.72836228,59.8953683369909,-33.6416377201676
360776.664486359,4065978.28510283,59.8244863589644,-33.084897170309
360776.593632833,4065978.83444496,59.7536328329588,-32.5355550399981
360776.533366197,4065979.3939719,59.6933661969961,-31.9760281001218
360776.469808839,4065979.96169017,59.6298088390031,-31.408309829887
360776.413524603,4065980.5189329,59.5735246029799,-30.8510671001859
360776.355729318,4065981.06565813,59.5157293179655,-30.3043418698944
360776.29600523,4065981.61278466,59.4560052299639,-29.7572153401561
360776.232671684,4065982.16681307,59.3926716839778,-29.2031869301572
360776.177208558,4065982.73791361,59.3372085579904,-28.6320863901637
360776.121375539,4065983.3045814,59.2813755389652,-28.0654186001047
360776.068926566,4065983.86878977,59.2289265659638,-27.501210229937
360776.006196072,4065984.4324257,59.1661960719503,-26.9375742999837
360775.952962164,4065984.98499506,59.1129621639848,-26.3850049399771
360775.891127701,4065985.54880137,59.05112770095,-25.8211986301467
360775.837669732,4065986.09675065,58.9976697319653,-25.2732493500225
360775.77278307,4065986.63767297,58.9327830699622,-24.7323270300403
360775.716388937,4065987.17901189,58.876388937002,-24.1909881099127
360775.655301379,4065987.72468104,58.8153013789561,-23.6453189603053
360775.593083364,4065988.27406757,58.7530833639903,-23.095932430122
360775.53256407,4065988.81806293,58.6925640699919,-22.5519370702095
360775.472485575,4065989.37999117,58.6324855749845,-21.9900088300928
360775.399184715,4065989.92530429,58.5591847149772,-21.4446957102045
360775.33461551,4065990.47657859,58.4946155099897,-20.8934214101173
360775.263690292,4065991.03979309,58.4236902919947,-20.3302069101483
360775.184947821,4065991.61663613,58.344947820995,-19.7533638700843
360775.11076501,4065992.19007585,58.2707650099765,-19.1799241499975
360775.034002542,4065992.76966089,58.1940025419462,-18.6003391100094
360774.956154456,4065993.33742687,58.1161544559873,-18.0325731299818
360774.8826269,4065993.89624497,58.0426268999581,-17.4737550299615
360774.796796035,4065994.46746998,57.9567960349959,-16.9025300201029
360774.722867465,4065995.04737879,57.8828674649703,-16.3226212100126
360774.646548549,4065995.62677167,57.8065485489788,-15.7432283302769
360774.568792173,4065996.19102213,57.728792172973,-15.1789778699167
360774.500258782,4065996.74569006,57.6602587819798,-14.6243099402636
360774.431681914,4065997.30683191,57.5916819139966,-14.0631680903025
360774.372470625,4065997.75740676,57.5324706249521,-13.6125932401046
360774.331216429,4065998.08562297,57.4912164289854,-13.2843770300969
360774.288555487,4065998.43716566,57.4485554869752,-12.9328343402594
360774.237659454,4065998.89555796,57.3976594539708,-12.4744420400821
360774.174467076,4065999.42165681,57.334467075998,-11.9483431898989
360774.122257211,4065999.97309984,57.2822572109872,-11.3969001602381
360774.057134067,4066000.47204262,57.2171340669738,-10.8979573799297
360774.003159385,4066000.94250673,57.1631593849743,-10.4274932700209
360773.94530333,4066001.43060417,57.1053033299977,-9.93939583003521
360773.905906377,4066001.79060138,57.0659063769854,-9.57939861994237
360773.873224739,4066002.05098671,57.0332247389597,-9.31901329010725
360773.837865459,4066002.30235314,56.9978654589504,-9.06764686014503
360773.80759058,4066002.55511639,56.9675905799959,-8.81488361023366
360773.779914143,4066002.75716132,56.9399141429458,-8.61283867992461
360773.765218015,4066002.88778959,56.9252180149779,-8.48221041029319
360773.750257732,4066002.95646425,56.9102577319718,-8.41353575000539
360773.750766407,4066002.98771234,56.9107664069743,-8.382287660148
360773.753663144,4066002.97360907,56.9136631439906,-8.39639093028381
360773.750238326,4066002.96441737,56.9102383260033,-8.40558263007551
360773.754813015,4066002.96193856,56.9148130149697,-8.40806144010276
360773.743536174,4066002.95509407,56.9035361739807,-8.41490592993796
360773.753622352,4066002.96195794,56.9136223519454,-8.4080420602113
360773.767265785,4066002.98614912,56.9272657849942,-8.38385087996721
360773.789601405,4066002.99558782,56.949601404951,-8.37441217992455
360773.749779787,4066002.96368504,56.9097797869472,-8.40631496021524
360773.751576158,4066002.95514814,56.9115761579596,-8.41485186014324
360773.751001896,4066002.95645213,56.9110018959618,-8.41354787023738
360773.753717006,4066002.95862732,56.9137170059839,-8.41137268021703
